ID	name	length
14220631	The Kids	160266
14220632	The Canadian Way (revisited)	648320
15051271	Pagliacci: Act II: Pagliaccio mio marito (The play)	\N
13659242	Tomorrow	248733
15065250	Forzen Assets	115000
15065252	On the Lamb	230000
15065264	Wake me up tonight	159000
15065269	Sweet monster of mine (Radio Edit)	277000
13659239	Kente	312640
5467714	Children of God	239826
13659241	[untitled]	114800
15065274	D.veloped Whatever	147000
15065277	Eiserner Steg (Fade into darkness)	262000
15076359	Radha Sametha Krishna	414000
5467719	Red Army	171573
5467721	Directions	361560
14220639	Untitled	\N
14220640	Untitled	\N
14220641	07 zglos sie	\N
14220642	Biegnij Kuba, biegnij	\N
1045400	Go Tell It on the Mountain	205920
14217508	Look Out Any Window	328826
14220668	Siboney	164000
14220713	Oh Yeah	278000
14220717	Drive	235000
14220706	I Love This Life	242000
14220705	Automobile Noise	310480
14220708	St. Catherine's Day	283000
14220710	The Second Act	279000
14220711	Stay (Little mix)	214000
14220700	Tinseltown in the Rain	357826
14220702	Stay	297960
14220725	Golden Brown	208000
15026524	Floe (Alex O’Rion remix)	276853
14220728	Without You	198000
15051273	??????	\N
15051274	??	\N
15051275	Tokyo?????	\N
14220726	Hold On Tight	189000
15065261	???????	\N
15097164	Technology	297000
15110815	Dead to Rights	\N
15110816	Truth in Advertising	\N
15125744	Igual que un bandoneón	183000
15125747	Están sonando las ocho	187000
15125750	La casita de mis viejos | La casita de mis padres	174000
15125751	Humildad	176000
15129243	Step Right Up	218000
15129244	Crow Blues	264000
15129246	Language of the Blues	265000
15125735	El aguacero	160000
15129249	Riverboat	356000
15129250	Rising Sun	240000
15128919	Sunrise Feelings	294000
15135474	Daisy Kenyon	\N
15135476	Main Title	\N
15135478	Car Drives In	\N
15135487	Lieutenant in Ann’s Room	\N
15135488	It’s the Way I Am	\N
15135490	Car Lights Flash in Window	\N
15135491	End Title	\N
15136860	The Precious Will Be Angry	760000
15136862	Forth Rode The King	162000
15136863	Opening Titles	270000
15136864	Minas Morgul	478000
15136868	The Lair Of Shelob	1384000
15136869	In Western Lands	382000
15136870	Opening Titles	610000
15051280	??????	\N
15051284	???????	\N
15097179	Efem	250707
11688194	Fabrication 2.1	224000
14220765	Darktime	237000
14220767	Honor (medley)	210000
14220769	Paranoia	132000
14220777	Matt's Jig	171000
14220781	Breathe	253520
14220782	More Than a Little	470493
14220784	Butt Sweat	282266
14220788	People Watchin'	316053
757630	Rok Da House	175666
1161664	It's Too Late	241040
14221023	Stevie	294760
11688198	Fabrication 2.5	205000
15097181	Çift Jandarma	250107
15097168	Evde Yoklar	154400
15097173	Bir Çift Durna Gördüm	200400
15097182	Kahve Koydum Fincana	191360
15097185	Su Uzun Gecenin Gecesi Olsam	185987
3491148	I'll do Anything	198400
3491172	This Is How We Live	264826
3491174	Can't Fuck With Us	263426
3785142	Mother Mother	216867
15121339	Song: Cad É Sin Don Té Sin	184053
15121345	The Jolly Beggarman Set: The Jolly Beggarman / Major Harrison's Fedora	181413
15121347	The Gravel Walks Set: The Humours of Ballyloughlin / Whelan's Jig / The Gravel Walks	263813
15125752	Blueberry Ice Cream take 2	204000
8737007	Un jour j’te raconterai	\N
