ID	name
683512	Smiling at strangers on trains
909300	Mystery Repeats Itself
683515	Living The Dream
683516	Klaviersonaten Nos. 8, 14, 21, 23 (Wilhelm Kempff)
683518	I Am the Party
683519	LIVE - At the Roxy Los Angeles 1981
683520	?????
683521	Under a Pale Moon
683523	Breaking The Back
683524	Together
683527	Where Life Expires
683528	Johannes & Huldran / Strömkarlen
683529	Very Best of Street Vibes
614485	Jillendru Oru Kaadhal
683480	Pinions
683470	Period
761035	Ariel Rivera
1073548	Babylon Burning: The Mighty Sound of U-Roy
683513	Les Inrockuptibles présentent : Un printemps 2010, volume 2
683506	Q.E.D.
1163595	Watermark
683498	The Wig-Flipper
683504	Mulmets viser
683533	La emboscada
683534	Four
683536	Unraveling Horizons
683537	Dos rombos
683539	Club Adrenalin
683540	Teenage Rampage
683541	Excess All Areas
683542	Szampanskie wersety
683544	Drones & Atmospheres, Volume 2
683545	Soccer.Com, Volume 2
683546	Here's to Future Days (bonus disc)
683547	On the Street Corner 2
683548	Planet Pop 2
683551	The Best Place for You
1060327	Techno Trax, Volume 11
683554	La Cathédrale du temps
683555	The Mercury Albums Anthology
683556	Hero: Music for Action Films
683559	3 Shades of Black
1293245	Heat Division
683564	The Eliminator, Volume 3
683565	UK Garage Anthems
683566	UK Garage & Essential Club Classics
683567	Across The Delta
683568	UK Garage
1284485	The Day It All Made Sense
683526	Forgiveness Rock Record
683525	Vs. Las Trompetas de la Muerte
683549	Diamond Eyes
683569	The Sound of Lounging
683570	Cooler Than a Gap Ad
683571	World Soccer
683572	Lock Stock & Hard as F*! K
683573	Modern Conflict
683574	Groovy Shorts 2
683575	The Eliminator
1092618	Live in Japan
683577	????
683578	Caliente
683579	The Ultimate Collection
683582	Magnificent Brain
683583	Hitbox 03 2009
683584	All For Nothing
683585	Mi basta il paradiso
683587	Oltre le nuvole
683589	Ritorno al presente
683590	Ragazze
683591	Ragazze
683592	Una sgommata e via
683593	Unknown Playlist Volume 1
683594	Tra i fuochi in mezzo al cielo
683595	Sick Bubblegum
683597	Ragazza sola, ragazza blu
683598	The Organization
683599	Le più belle canzoni di Paola Turci
683600	Portrait of Angelo Debarre
683601	I grandi successi
683602	Greatest Hits
683603	Everybody Dance: Remixed Dance Classics
683604	Elsa
683607	Stabat Mater / Nisi Dominus / In Furore / O Qui Coeli (Orchestre de Chambre de Lausanne, English Bach Festival Baroque Orchestra, Orchestre de la Fondation Gulbenkian de Lisbonne feat. conductor: Michel Corboz)
1282253	Binary Mind
683610	Urban Classics
683611	Best of the Big Bands: The '40s
683612	Satin Blue
1282255	30 Helens Agree
683596	???????
683543	Frostbitten Pain
683606	The Night Before
683614	Nei Licis
683615	Andy
683616	Producers Cuts, Volume 1
683617	Midnight Talks
683643	Le vent nous portera
683621	It All Falls Apart
